PassengerId,Survived,Pclass,Name,Sex,Age,SibSp,Parch,Fare,Cabin,Embarked,Age_Group,Fare_Group
1,0,3,12,1,-0.5523602938777661,1,0,-0.9184744684050786,140,2,0,1
2,1,1,13,0,0.6594752245151847,1,0,0.9232857028458803,81,0,2,0
3,1,3,9,0,-0.24940141427952836,0,0,-0.8686556916616944,115,2,0,1
4,1,1,13,0,0.4322560648165064,1,0,2.465512070386274,55,2,2,0
5,0,3,12,1,0.4322560648165064,0,0,-0.8594299922647715,115,2,2,1
6,0,3,12,1,-0.314490636101944,0,0,-0.8292951677546623,143,1,0,1
7,0,1,12,1,1.8713107429081355,0,0,2.374177646356736,129,2,2,0
8,0,3,8,1,-2.0671546918689545,3,1,0.10188788489460394,145,2,1,2
9,1,3,13,0,-0.17366169437996895,0,2,-0.6318652006605102,145,2,0,1
10,1,2,13,0,-1.1582780530742414,1,0,0.7658282579733225,90,0,4,0
11,1,3,9,0,-1.9156752520698357,1,1,-0.22101159399770068,145,2,1,2
12,1,1,9,0,2.1742696225063733,0,0,0.505973518479831,49,2,2,2
13,0,3,12,1,-0.7038397336768849,0,0,-0.8594299922647715,140,2,0,1
14,0,3,12,1,0.7352149444147441,1,5,0.8547049556835198,141,2,2,0
15,0,3,9,0,-1.1582780530742414,0,0,-0.8738811278001117,145,2,4,1
16,1,2,13,0,1.9470504628076948,0,0,-0.27267551062046935,90,2,2,2
17,0,3,8,1,-2.0671546918689545,4,1,0.6960229260564446,144,1,1,2
18,1,2,12,1,0.04428920017261876,0,0,-0.4940922961466211,111,2,0,1
19,0,3,13,0,0.12929718521826875,1,0,-0.12506432026970155,145,2,0,2
20,1,3,13,0,-0.314490636101944,0,0,-0.9203196082844632,140,0,0,1
21,0,2,12,1,0.4322560648165064,0,0,0.4653804411333698,111,2,2,2
22,1,2,12,1,0.356516344916947,0,0,-0.4940922961466211,111,2,0,1
23,1,3,9,0,-1.082538333174682,0,0,-0.8609651486444195,145,1,4,1
24,1,1,12,1,-0.09792197448040951,0,0,1.166533595299517,13,2,0,0
25,0,3,9,0,-1.612716372471598,3,1,0.10188788489460394,145,2,1,2
26,1,3,13,0,0.6594752245151847,1,5,0.8630080851407506,145,2,2,0
27,0,3,12,1,-0.314490636101944,0,0,-0.9203196082844632,140,0,0,1
28,0,1,12,1,-0.7795794535764443,3,2,0.9232857028458803,63,2,0,0
29,1,3,9,0,-0.314490636101944,0,0,-0.872035987920727,143,1,0,1
30,0,3,12,1,-0.314490636101944,0,0,-0.8708108150408156,140,2,0,1
31,0,1,3,1,0.8109546643143035,0,0,0.5923851093111705,69,0,2,2
32,1,1,13,0,0.6771559698809851,1,0,0.9232857028458803,41,0,2,0
33,1,3,9,0,-0.314490636101944,0,0,-0.8815716708173866,140,1,0,1
34,0,2,12,1,2.7801873817028486,0,0,-0.6786062840850808,136,2,3,1
35,0,1,12,1,-0.09792197448040951,1,0,0.9232857028458803,31,0,0,0
36,0,1,12,1,0.9624341041134225,1,0,2.3843259156933514,80,2,2,0
37,1,3,12,1,-0.314490636101944,0,0,-0.9200096247847267,140,0,0,1
38,0,3,12,1,-0.6281000137773255,0,0,-0.8594299922647715,140,2,0,1
39,0,3,9,0,-0.8553191734760037,2,0,-0.12506432026970155,145,2,0,2
40,1,3,9,0,-1.1582780530742414,1,0,-0.6238646741434987,145,0,4,1
41,0,3,13,0,0.8109546643143035,1,0,-0.7542570191398494,145,2,2,1
42,0,2,13,0,-0.17366169437996895,1,0,0.0963524652564502,142,2,0,2
43,0,3,12,1,-0.314490636101944,0,0,-0.8708108150408156,143,0,0,1
44,1,2,9,0,-1.991414971969395,1,2,1.6152125694897108,141,0,1,0
45,1,3,9,0,-0.7795794535764443,0,0,-0.872035987920727,140,1,0,1
46,0,3,12,1,-0.314490636101944,0,0,-0.8594299922647715,140,2,0,1
47,0,3,12,1,-0.314490636101944,1,0,-0.30957830820816135,145,1,0,2
48,1,3,9,0,-0.314490636101944,0,0,-0.8815716708173866,140,1,0,1
49,0,3,12,1,-0.314490636101944,2,0,0.14648122549957107,138,0,0,2
50,0,3,13,0,-0.8553191734760037,1,0,-0.13982543930477825,145,2,0,2
51,0,3,8,1,-1.6884560923711573,4,1,1.475594525096437,144,2,1,0
52,0,3,12,1,-0.6281000137773255,0,0,-0.8778813910586174,140,2,0,1
53,1,1,13,0,1.4926121434103383,1,0,0.9232857028458803,101,0,2,0
54,1,2,13,0,-0.022182254580850092,1,0,0.4653804411333698,142,2,0,2
55,0,1,12,1,2.704447661803289,0,1,3.1208467110675424,23,0,3,0
56,1,1,12,1,0.6771559698809851,0,0,1.166533595299517,71,2,2,0
57,1,2,9,0,-0.6281000137773255,0,0,-0.6786062840850808,116,2,0,1
58,0,3,12,1,-0.06005211453062981,0,0,-0.9200096247847267,140,0,0,1
59,1,2,9,0,-1.8399355321702762,1,2,0.5945402326902917,141,2,1,2
60,0,3,8,1,-1.3854972127729197,5,2,2.0079173802988937,63,2,1,0
61,0,3,12,1,-0.5523602938777661,0,0,-0.9200096247847267,140,0,0,1
62,1,1,9,0,0.6594752245151847,0,0,0.9232857028458803,21,2,2,0
63,0,1,12,1,1.1896532638121007,1,0,0.9232857028458803,80,2,2,0
64,0,3,8,1,-1.9156752520698357,3,2,0.6056110719665991,63,2,1,2
65,0,1,12,1,0.6771559698809851,0,0,0.5923851093111705,71,0,2,2
66,1,3,8,1,-0.314490636101944,1,1,-0.328339690501744,145,0,0,2
67,1,2,13,0,-0.022182254580850092,0,0,-0.6786062840850808,142,2,0,1
68,0,3,12,1,-0.7795794535764443,0,0,-0.8514368463072773,140,2,0,1
69,1,3,9,0,-0.9310588933755631,4,2,-0.8686556916616944,145,2,4,1
70,0,3,12,1,-0.24940141427952836,2,0,-0.8142240652198488,145,2,0,1
71,0,2,12,1,0.20503690511782818,0,0,-0.6786062840850808,111,2,0,1
72,0,3,9,0,-1.0067986132751225,5,2,2.0079173802988937,63,2,4,0
73,0,2,12,1,-0.6281000137773255,0,0,0.9232857028458803,111,2,0,0
74,0,3,12,1,-0.24940141427952836,1,0,-0.3867641996425778,90,0,0,1
75,1,3,12,1,0.20503690511782818,0,0,2.716141110482843,115,2,0,0
76,0,3,12,1,-0.3251411341790878,0,0,-0.888952230334925,140,2,0,1
77,0,3,12,1,-0.314490636101944,0,0,-0.8708108150408156,140,2,0,1
78,0,3,12,1,-0.314490636101944,0,0,-0.8594299922647715,115,2,0,1
79,1,2,8,1,-2.155770164151439,0,2,0.6867972266595215,141,2,1,2
80,1,3,9,0,0.05355746531870933,0,0,-0.5328402336136977,116,2,0,1
81,0,3,12,1,-0.5523602938777661,0,0,-0.7893146768481568,140,2,0,1
82,1,3,12,1,-0.022182254580850092,0,0,-0.7524118792604648,115,2,0,1
83,1,3,9,0,-0.314490636101944,0,0,-0.8788039609983098,140,1,0,1
84,0,1,12,1,-0.09792197448040951,0,0,2.0226784993339706,13,2,0,0
85,1,2,9,0,-0.9310588933755631,0,0,-0.6786062840850808,116,2,4,1
86,1,3,13,0,0.2807766250173876,3,0,-0.283746349896777,145,2,0,2
87,0,3,12,1,-1.0067986132751225,1,3,1.08350230072721,141,2,4,0
88,0,3,12,1,-0.314490636101944,0,0,-0.8594299922647715,115,2,0,1
89,1,1,9,0,-0.4766205739782066,3,2,0.9232857028458803,63,2,0,0
90,0,3,12,1,-0.4008808540786472,0,0,-0.8594299922647715,140,2,0,1
91,0,3,12,1,-0.022182254580850092,0,0,-0.8594299922647715,115,2,0,1
92,0,3,12,1,-0.7038397336768849,0,0,-0.8738811278001117,140,2,0,1
93,0,1,12,1,1.26539298371166,1,0,3.0614922514274987,122,2,2,0
94,0,3,12,1,-0.24940141427952836,1,2,0.06498508730691199,145,2,0,2
95,0,3,12,1,2.2500093424059324,0,0,-0.9184744684050786,139,2,2,1
96,0,3,12,1,-0.314490636101944,0,0,-0.8594299922647715,115,2,0,1
97,0,1,12,1,3.158885981200646,0,0,1.1041088229001774,12,0,3,0
98,1,1,12,1,-0.4766205739782066,0,1,3.2226320073739148,91,0,0,0
99,1,2,13,0,0.356516344916947,0,1,0.24396365560721803,90,2,0,2
100,0,2,12,1,0.356516344916947,1,0,0.4653804411333698,111,2,0,2
101,0,3,9,0,-0.09792197448040951,0,0,-0.8708108150408156,116,2,0,1
102,0,3,12,1,-0.314490636101944,0,0,-0.8708108150408156,140,2,0,1
103,0,1,12,1,-0.6281000137773255,0,1,0.9232857028458803,98,2,0,0
104,0,3,12,1,0.2807766250173876,0,0,-0.8148366516598046,115,2,0,1
105,0,3,12,1,0.5837355046156253,2,0,-0.8686556916616944,115,2,2,1
106,0,3,12,1,-0.09792197448040951,0,0,-0.8708108150408156,115,2,0,1
107,1,3,9,0,-0.6281000137773255,0,0,-0.888952230334925,140,2,0,1
108,1,3,12,1,-0.314490636101944,0,0,-0.879726530938002,140,2,0,1
109,0,3,12,1,0.6594752245151847,0,0,-0.8708108150408156,115,2,2,1
110,1,3,9,0,-0.314490636101944,1,0,0.3288400900589094,138,1,0,2
111,0,1,12,1,1.3411327036112195,0,0,2.3843259156933514,52,2,2,0
112,0,3,9,0,-1.1204081931244618,1,0,-0.3867641996425778,145,0,4,1
113,0,3,12,1,-0.5523602938777661,0,0,-0.8594299922647715,140,2,0,1
114,0,3,9,0,-0.7038397336768849,1,0,-0.728425060828465,145,2,0,1
115,0,3,9,0,-0.9310588933755631,0,0,-0.3864615967023588,90,0,4,1
116,0,3,12,1,-0.6281000137773255,0,0,-0.8686556916616944,140,2,0,1
117,0,3,12,1,3.121016121250866,0,0,-0.8815716708173866,143,1,3,1
118,0,2,12,1,-0.022182254580850092,1,0,0.0963524652564502,111,2,0,2
119,0,1,12,1,-0.4008808540786472,0,1,0.9232857028458803,36,0,0,0
120,0,3,9,0,-2.0671546918689545,4,2,0.8547049556835198,145,2,1,0
121,0,2,12,1,-0.6281000137773255,2,0,0.9232857028458803,61,2,0,0
122,0,3,12,1,-0.314490636101944,0,0,-0.8594299922647715,115,2,0,1
123,0,2,12,1,0.2429067650676079,1,0,0.7658282579733225,90,0,0,0
124,1,2,9,0,0.2429067650676079,0,0,-0.4940922961466211,116,2,0,1
125,0,1,12,1,1.8713107429081355,0,1,0.9232857028458803,98,2,2,0
126,1,3,8,1,-1.3097574928733602,1,0,-0.6238646741434987,90,0,4,1
127,0,3,12,1,-0.314490636101944,0,0,-0.8815716708173866,140,1,0,1
128,1,3,12,1,-0.4008808540786472,0,0,-0.9264676143625726,140,2,0,1
129,1,3,9,0,-0.314490636101944,1,1,0.19660260518317416,138,0,0,2
130,0,3,12,1,1.1896532638121007,0,0,-0.9387710070783092,139,2,2,1
131,0,3,12,1,0.2807766250173876,0,0,-0.8708108150408156,115,0,0,1
132,0,3,12,1,-0.7038397336768849,0,0,-0.9332355874401553,140,2,0,1
133,0,3,13,0,1.3411327036112195,1,0,-0.3833839033835452,145,2,2,1
134,1,2,13,0,-0.022182254580850092,1,0,0.4653804411333698,142,2,0,2
135,0,2,12,1,-0.3251411341790878,0,0,-0.4940922961466211,111,2,0,1
136,0,2,12,1,-0.4766205739782066,0,0,-0.3431008095368207,90,0,0,2
137,1,1,9,0,-0.7795794535764443,0,2,0.48628956624655606,107,2,0,2
138,0,1,12,1,0.5837355046156253,1,0,2.465512070386274,55,2,2,0
139,0,3,12,1,-1.0067986132751225,0,0,-0.7733210043736511,140,2,4,1
140,0,1,12,1,-0.4008808540786472,0,0,0.9232857028458803,45,0,0,0
141,0,3,13,0,-0.314490636101944,0,2,-0.328339690501744,145,0,0,2
142,1,3,9,0,-0.5523602938777661,0,0,-0.8815716708173866,140,2,0,1
143,1,3,13,0,-0.4008808540786472,1,0,-0.283746349896777,145,2,0,2
144,0,3,12,1,-0.7795794535764443,0,0,-0.9553772659927706,140,1,0,1
145,0,2,12,1,-0.8553191734760037,0,0,-0.604800688909697,142,2,0,1
146,0,2,12,1,-0.7795794535764443,1,1,1.2587905892687468,141,2,0,0
147,1,3,12,1,-0.17366169437996895,0,0,-0.878191374558354,140,2,0,1
148,0,3,9,0,-1.5369766525720385,2,2,1.08350230072721,144,2,1,0
149,0,2,12,1,0.5458656446658455,0,2,0.4653804411333698,141,2,2,2
150,0,2,15,1,0.9624341041134225,0,0,-0.4940922961466211,90,2,2,1
151,0,2,15,1,1.6440915832094571,0,0,-0.5291499538549285,90,2,2,1
152,1,1,13,0,-0.5523602938777661,1,0,0.9232857028458803,61,2,0,0
153,0,3,12,1,1.9849203227574745,0,0,-0.8594299922647715,115,2,2,1
154,0,3,12,1,0.8488245242640833,0,2,-0.3833839033835452,145,2,2,1
155,0,3,12,1,-0.314490636101944,0,0,-0.9138616187066171,140,2,0,1
156,0,1,12,1,1.6440915832094571,0,1,3.076563353962312,23,0,2,0
157,1,3,9,0,-1.0067986132751225,0,0,-0.8828042242568156,140,1,4,1
158,0,3,12,1,0.05355746531870933,0,0,-0.8594299922647715,115,2,0,1
159,0,3,12,1,-0.314490636101944,0,0,-0.8142240652198488,115,2,0,1
160,0,3,8,1,-0.314490636101944,8,2,0.9232857028458803,63,2,0,0
161,0,3,12,1,1.1139135439125412,0,1,-0.2652949511029309,145,2,2,2
162,1,2,13,0,0.8109546643143035,0,0,-0.29112690941431535,90,2,2,2
163,0,3,12,1,-0.24940141427952836,0,0,-0.879726530938002,140,2,0,1
164,0,3,12,1,-0.9310588933755631,0,0,-0.8142240652198488,140,2,4,1
165,0,3,8,1,-2.142894411768514,4,1,1.475594525096437,144,2,1,0
166,1,3,8,1,-1.5369766525720385,0,2,0.06129480754814274,145,2,1,2
167,1,1,13,0,0.6771559698809851,0,1,2.605742701219503,123,2,2,0
168,0,3,13,0,1.1896532638121007,1,4,0.6056110719665991,145,2,2,2
169,0,1,12,1,0.6771559698809851,0,0,0.45984502149521606,3,2,2,2
170,0,3,12,1,-0.09792197448040951,0,0,2.716141110482843,115,2,0,0
171,0,1,12,1,2.4014887822050515,0,0,1.018922404948749,18,2,3,0
172,0,3,8,1,-1.9156752520698357,4,1,0.6960229260564446,144,1,1,2
173,1,3,9,0,-2.142894411768514,1,1,-0.6318652006605102,145,2,1,1
174,0,3,12,1,-0.6281000137773255,0,0,-0.8686556916616944,140,2,0,1
175,0,1,12,1,2.0227901827072543,0,0,0.8119567549579374,14,0,2,0
176,0,3,12,1,-0.8553191734760037,1,1,-0.8738811278001117,145,2,0,1
177,0,3,8,1,-0.314490636101944,3,1,0.4260199172263375,63,2,0,2
178,0,1,9,0,1.5683518633098978,0,0,0.6655781180465985,69,0,2,2
179,0,2,12,1,0.05355746531870933,0,0,-0.4940922961466211,111,2,0,1
180,0,3,12,1,0.5079957847160659,0,0,-1.453565033426612,140,2,2,1
181,0,3,9,0,-0.314490636101944,8,2,0.9232857028458803,63,2,0,0
182,0,2,12,1,0.04428920017261876,0,0,-0.34279082603708405,90,0,0,2
183,0,3,8,1,-1.5369766525720385,4,2,0.8630080851407506,63,2,1,0
184,1,2,8,1,-2.142894411768514,2,1,1.4248531784133607,144,2,1,0
185,1,3,9,0,-1.9156752520698357,0,2,0.1720032003112186,145,2,1,2
186,0,1,12,1,0.6771559698809851,0,0,2.236714725342584,9,2,2,0
187,1,3,13,0,-0.314490636101944,1,0,-0.30957830820816135,145,1,0,2
188,1,1,12,1,1.1896532638121007,0,0,0.505973518479831,56,2,2,2
189,0,3,12,1,0.8109546643143035,1,1,-0.30957830820816135,145,1,2,2
190,0,3,12,1,0.5079957847160659,0,0,-0.8708108150408156,115,2,2,1
191,1,2,13,0,0.20503690511782818,0,0,-0.4940922961466211,90,2,0,1
192,0,2,12,1,-0.7795794535764443,0,0,-0.4940922961466211,111,2,0,1
193,1,3,9,0,-0.7795794535764443,1,0,-0.8738811278001117,145,2,0,1
194,1,2,8,1,-1.991414971969395,1,1,0.4653804411333698,141,2,1,2
195,1,1,13,0,1.1139135439125412,0,0,0.5923851093111705,28,0,2,2
196,1,1,9,0,2.1742696225063733,0,0,0.9232857028458803,43,0,2,0
197,0,3,12,1,-0.314490636101944,0,0,-0.8815716708173866,140,1,0,1
198,0,3,12,1,0.9624341041134225,0,1,-0.8332880504536505,145,2,2,1
199,1,3,9,0,-0.314490636101944,0,0,-0.8815716708173866,140,1,0,1
200,0,2,9,0,-0.4008808540786472,0,0,-0.4940922961466211,116,2,0,1
201,0,3,12,1,-0.09792197448040951,0,0,-0.7524118792604648,115,2,0,1
202,0,3,12,1,-0.314490636101944,8,2,0.9232857028458803,63,2,0,0
203,0,3,12,1,0.356516344916947,0,0,-0.9741386482863532,140,2,0,1
204,0,3,12,1,1.2275231237618804,0,0,-0.9203196082844632,139,0,2,1
205,1,3,12,1,-0.8553191734760037,0,0,-0.8594299922647715,140,2,0,1
206,0,3,9,0,-2.0671546918689545,0,1,-0.6813739939041578,145,2,1,1
207,0,3,12,1,0.20503690511782818,1,0,-0.283746349896777,115,2,0,2
208,1,3,12,1,-0.24940141427952836,0,0,-0.0669424140690866,90,0,0,2
209,1,3,9,0,-1.0067986132751225,0,0,-0.8815716708173866,140,1,4,1
210,1,1,12,1,0.8109546643143035,0,0,0.8344084170102893,8,0,2,0
211,0,3,12,1,-0.4008808540786472,0,0,-0.9332355874401553,140,2,0,1
212,1,2,9,0,0.4322560648165064,0,0,0.0963524652564502,116,2,2,2
213,0,3,12,1,-0.5523602938777661,0,0,-0.9184744684050786,140,2,0,1
214,0,2,12,1,0.05355746531870933,0,0,-0.4940922961466211,111,2,0,1
215,0,3,12,1,-0.314490636101944,1,0,-0.8815716708173866,143,1,0,1
216,1,1,9,0,0.12929718521826875,1,0,0.9232857028458803,103,0,0,0
217,1,3,9,0,-0.17366169437996895,0,0,-0.8686556916616944,116,2,0,1
218,0,2,12,1,0.9624341041134225,1,0,0.5391860363087537,141,2,2,2
219,1,1,9,0,0.20503690511782818,0,0,0.9232857028458803,93,0,0,0
220,0,2,12,1,0.05355746531870933,0,0,-0.6786062840850808,142,2,0,1
221,1,3,12,1,-1.0067986132751225,0,0,-0.8594299922647715,140,2,4,1
222,0,2,12,1,-0.17366169437996895,0,0,-0.4940922961466211,111,2,0,1
223,0,3,12,1,1.6440915832094571,0,0,-0.8594299922647715,115,2,2,1
224,0,3,12,1,-0.314490636101944,0,0,-0.8708108150408156,115,2,0,1
225,1,1,12,1,0.6594752245151847,1,0,0.9232857028458803,87,2,2,0
226,0,3,12,1,-0.5523602938777661,0,0,-0.7634827185367724,140,2,0,1
227,1,2,12,1,-0.7795794535764443,0,0,-0.6786062840850808,142,2,0,1
228,0,3,12,1,-0.6659698737271051,0,0,-0.9184744684050786,140,2,0,1
229,0,2,12,1,-0.8553191734760037,0,0,-0.4940922961466211,111,2,0,1
230,0,3,9,0,-0.314490636101944,3,1,0.4260199172263375,138,2,0,2
231,1,1,13,0,0.4322560648165064,1,0,0.9232857028458803,80,2,2,0
232,0,3,12,1,-0.022182254580850092,0,0,-0.879726530938002,140,2,0,1
233,0,2,12,1,2.2500093424059324,0,0,-0.45718949855892915,90,2,2,1
234,1,3,9,0,-1.8399355321702762,4,2,0.8630080851407506,145,2,1,0
235,0,2,12,1,-0.4008808540786472,0,0,-0.6786062840850808,142,2,0,1
236,0,3,9,0,-0.314490636101944,0,0,-0.8963327898524633,140,2,0,1
237,0,2,12,1,1.1139135439125412,1,0,0.4653804411333698,141,2,2,2
238,1,2,9,0,-1.612716372471598,0,2,0.48383183992721573,141,2,1,2
239,0,2,12,1,-0.7795794535764443,0,0,-0.6786062840850808,142,2,0,1
240,0,2,12,1,0.2807766250173876,0,0,-0.5476013526487744,111,2,0,1
241,0,3,9,0,-0.314490636101944,1,0,-0.3867641996425778,90,0,0,1
242,1,3,9,0,-0.314490636101944,1,0,-0.30957830820816135,145,1,0,2
243,0,2,12,1,-0.022182254580850092,0,0,-0.6786062840850808,142,2,0,1
244,0,3,12,1,-0.5523602938777661,0,0,-0.9277001678020016,140,2,0,1
245,0,3,12,1,0.05355746531870933,0,0,-0.9203196082844632,140,0,0,1
246,0,1,4,1,1.1139135439125412,2,0,0.9232857028458803,78,1,2,0
247,0,3,9,0,-0.3251411341790878,0,0,-0.879726530938002,140,2,0,1
248,1,2,13,0,-0.4008808540786472,0,2,-0.3833839033835452,145,2,0,1
249,1,1,12,1,0.5837355046156253,1,1,2.4252289765395494,102,2,2,0
250,0,2,15,1,1.8713107429081355,1,0,0.4653804411333698,141,2,2,2
251,0,3,12,1,-0.314490636101944,0,0,-0.9184744684050786,140,2,0,1
252,0,3,13,0,-0.022182254580850092,1,1,-0.6813739939041578,145,2,0,1
253,0,1,12,1,2.477228502104611,0,0,0.505973518479831,83,2,3,2
254,0,3,12,1,0.05355746531870933,1,0,-0.2652949511029309,145,2,0,2
255,0,3,13,0,0.8866943842138629,0,2,0.038230559055835264,145,2,2,2
256,1,3,13,0,-0.022182254580850092,0,2,-0.328339690501744,145,0,0,2
257,1,1,13,0,0.6771559698809851,0,0,0.9232857028458803,28,0,2,0
258,1,1,9,0,0.05355746531870933,0,0,0.9232857028458803,40,2,0,0
259,1,1,9,0,0.4322560648165064,0,0,0.9232857028458803,15,0,2,0
260,1,2,13,0,1.5683518633098978,0,1,0.4653804411333698,90,2,2,2
261,0,3,12,1,-0.314490636101944,0,0,-0.8815716708173866,143,1,0,1
262,1,3,8,1,-1.991414971969395,4,2,0.8630080851407506,141,2,1,0
263,0,1,12,1,1.7198313031090167,1,1,0.9232857028458803,134,2,2,0
264,0,1,12,1,0.8109546643143035,0,0,-1.453565033426612,46,2,2,1
265,0,3,9,0,-0.314490636101944,0,0,-0.8815716708173866,140,1,0,1
266,0,2,12,1,0.5079957847160659,0,0,-0.6786062840850808,90,2,2,1
267,0,3,12,1,-1.0067986132751225,4,1,1.475594525096437,63,2,4,0
268,1,3,12,1,-0.3251411341790878,1,0,-0.879726530938002,140,2,0,1
269,1,1,13,0,2.1742696225063733,0,1,0.9232857028458803,57,2,2,0
270,1,1,9,0,0.4322560648165064,0,0,0.9232857028458803,89,2,2,0
271,0,1,12,1,0.6771559698809851,0,0,0.8344084170102893,51,2,2,0
272,1,3,12,1,-0.3251411341790878,0,0,-1.453565033426612,140,2,0,1
273,1,2,13,0,0.8866943842138629,0,1,-0.014355927506625666,90,2,2,2
274,0,1,12,1,0.5837355046156253,0,1,0.7384611432822902,54,0,2,2
275,1,3,9,0,-0.314490636101944,0,0,-0.8815716708173866,140,1,0,1
276,1,1,9,0,2.55296822200417,1,0,0.9232857028458803,113,2,3,0
277,0,3,9,0,1.1896532638121007,0,0,-0.8815716708173866,116,2,2,1
278,0,2,12,1,0.04428920017261876,0,0,-1.453565033426612,142,2,0,1
279,0,3,8,1,-1.6884560923711573,4,1,0.6960229260564446,144,1,1,2
280,1,3,13,0,0.4322560648165064,1,1,0.04099826887491227,145,2,2,2
281,0,3,12,1,2.704447661803289,0,0,-0.8815716708173866,139,1,3,1
282,0,3,12,1,-0.09792197448040951,0,0,-0.8738811278001117,115,2,0,1
283,0,3,12,1,-1.0067986132751225,0,0,-0.7524118792604648,140,2,4,1
284,1,3,12,1,-0.7795794535764443,0,0,-0.8594299922647715,115,2,0,1
285,0,1,12,1,0.6771559698809851,0,0,0.4653804411333698,3,2,2,2
286,0,3,12,1,0.2807766250173876,0,0,-0.8142240652198488,115,0,0,1
287,1,3,12,1,0.05355746531870933,0,0,-0.7524118792604648,115,2,0,1
288,0,3,12,1,-0.5523602938777661,0,0,-0.8708108150408156,140,2,0,1
289,1,2,12,1,0.9624341041134225,0,0,-0.4940922961466211,90,2,2,1
290,1,3,9,0,-0.5523602938777661,0,0,-0.8815716708173866,140,1,0,1
291,1,1,9,0,-0.24940141427952836,0,0,0.9232857028458803,114,2,0,0
292,1,1,13,0,-0.7795794535764443,1,0,0.9232857028458803,31,0,0,0
293,0,2,12,1,0.5079957847160659,0,0,-0.5033179955435441,90,0,2,1
294,0,3,9,0,-0.4008808540786472,0,0,-0.8003855161244644,115,2,0,1
295,0,3,12,1,-0.4008808540786472,0,0,-0.8708108150408156,140,2,0,1
296,0,1,12,1,0.6771559698809851,0,0,0.5923851093111705,53,0,2,2
297,0,3,12,1,-0.4387507140284269,0,0,-0.9200096247847267,140,0,0,1
298,0,1,9,0,-2.0671546918689545,1,2,0.9232857028458803,62,2,1,0
299,1,1,12,1,0.6771559698809851,0,0,0.7975056194225973,51,2,2,0
300,1,1,13,0,1.5683518633098978,0,1,0.9232857028458803,36,0,2,0
301,1,3,9,0,-0.314490636101944,0,0,-0.8815716708173866,140,1,0,1
302,1,3,12,1,-0.314490636101944,2,0,0.262415054401064,143,1,0,2
303,0,3,12,1,-0.7795794535764443,0,0,-1.453565033426612,140,2,0,1
304,1,2,9,0,0.04428920017261876,0,0,-0.5420659330106207,116,1,0,1
305,0,3,12,1,-0.314490636101944,0,0,-0.8594299922647715,115,2,0,1
306,1,1,8,1,-2.1489535893604788,1,2,0.9232857028458803,62,2,1,0
307,1,1,9,0,0.6771559698809851,0,0,0.9232857028458803,127,0,2,0
308,1,1,13,0,-0.9310588933755631,1,0,0.9232857028458803,74,0,4,0
309,0,2,12,1,0.05355746531870933,1,0,0.31776925078260193,90,0,0,2
310,1,1,9,0,0.05355746531870933,0,0,2.748128455431854,125,0,0,0
311,1,1,9,0,-0.4008808540786472,0,0,0.9232857028458803,72,0,0,0
312,1,1,9,0,-0.8553191734760037,2,2,0.9232857028458803,35,0,0,0
313,0,2,13,0,-0.24940141427952836,1,1,0.4653804411333698,141,2,0,2
314,0,3,12,1,-0.09792197448040951,0,0,-0.8708108150408156,115,2,0,1
315,0,2,12,1,1.0381738240129819,1,1,0.48383183992721573,141,2,2,2
316,1,3,9,0,-0.24940141427952836,0,0,-0.8738811278001117,116,2,0,1
317,1,2,13,0,-0.4008808540786472,1,0,0.4653804411333698,90,2,0,2
318,0,2,4,1,1.8713107429081355,0,0,-0.4202867009712372,116,2,2,1
319,1,1,9,0,0.12929718521826875,0,2,0.9232857028458803,76,2,0,0
320,1,1,13,0,0.8109546643143035,1,1,0.9232857028458803,124,0,2,0
321,0,3,12,1,-0.5523602938777661,0,0,-0.9184744684050786,140,2,0,1
322,0,3,12,1,-0.17366169437996895,0,0,-0.8708108150408156,115,2,0,1
323,1,2,9,0,0.05355746531870933,0,0,-0.5420659330106207,116,1,0,1
324,1,2,13,0,-0.5523602938777661,1,1,0.6867972266595215,141,2,0,2
325,0,3,12,1,-0.314490636101944,8,2,0.9232857028458803,63,2,0,0
326,1,1,9,0,0.5079957847160659,0,0,0.9232857028458803,65,0,2,0
327,0,3,12,1,2.4014887822050515,0,0,-0.9932026335201548,139,2,3,1
328,1,2,13,0,0.5079957847160659,0,0,-0.4940922961466211,90,2,2,1
329,1,3,13,0,0.12929718521826875,1,1,0.06129480754814274,145,2,0,2
330,1,1,9,0,-1.0067986132751225,0,1,2.825624330366007,17,0,4,0
331,1,3,9,0,-0.314490636101944,2,0,0.262415054401064,138,1,0,2
332,0,1,12,1,1.2275231237618804,0,0,0.6498944290718296,56,2,2,2
333,0,1,12,1,0.6594752245151847,0,1,0.9232857028458803,85,2,2,0
334,0,3,12,1,-1.0067986132751225,2,0,-0.12506432026970155,145,2,4,2
335,1,1,13,0,0.6771559698809851,1,0,0.9232857028458803,87,2,2,0
336,0,3,12,1,-0.314490636101944,0,0,-0.8708108150408156,115,2,0,1
337,0,1,12,1,-0.022182254580850092,1,0,0.9232857028458803,61,2,0,0
338,1,1,9,0,0.8866943842138629,0,0,0.9232857028458803,127,0,2,0
339,1,3,12,1,1.1896532638121007,0,0,-0.8594299922647715,115,2,2,1
340,0,1,12,1,1.1896532638121007,0,0,1.166533595299517,146,2,2,0
341,1,2,8,1,-2.0671546918689545,1,1,0.4653804411333698,141,2,1,2
342,1,1,9,0,-0.4008808540786472,3,2,0.9232857028458803,63,2,0,0
343,0,2,12,1,-0.09792197448040951,0,0,-0.4940922961466211,111,2,0,1
344,0,2,12,1,-0.3251411341790878,0,0,-0.4940922961466211,111,2,0,1
345,0,2,12,1,0.5079957847160659,0,0,-0.4940922961466211,90,2,2,1
346,1,2,9,0,-0.4008808540786472,0,0,-0.4940922961466211,142,2,0,1
347,1,2,9,0,0.8109546643143035,0,0,-0.4940922961466211,116,2,2,1
348,1,3,13,0,-0.314490636101944,1,0,-0.2652949511029309,145,2,0,2
349,1,3,8,1,-1.991414971969395,1,1,-0.2800560701380077,145,2,1,2
350,0,3,12,1,0.9624341041134225,0,0,-0.8142240652198488,115,2,2,1
351,0,3,12,1,-0.4766205739782066,0,0,-0.7727084179336954,115,2,0,1
352,0,1,12,1,0.6771559698809851,0,0,1.129630797711825,59,2,2,0
353,0,3,12,1,-1.082538333174682,1,1,-0.9200096247847267,145,0,4,1
354,0,3,12,1,-0.3251411341790878,1,0,-0.13982543930477825,145,2,0,2
355,0,3,12,1,-0.314490636101944,0,0,-0.9203196082844632,140,0,0,1
356,0,3,12,1,-0.09792197448040951,0,0,-0.7524118792604648,115,2,0,1
357,1,1,9,0,-0.5523602938777661,0,1,2.605742701219503,123,2,0,0
358,0,2,9,0,0.6594752245151847,0,0,-0.4940922961466211,116,2,2,1
359,1,3,9,0,-0.314490636101944,0,0,-0.872035987920727,116,1,0,1
360,1,3,9,0,-0.314490636101944,0,0,-0.872035987920727,116,1,0,1
361,0,3,12,1,0.8109546643143035,1,4,0.6056110719665991,141,2,2,2
362,0,2,12,1,-0.022182254580850092,1,0,0.5923851093111705,90,0,0,2
363,0,3,13,0,1.1896532638121007,0,1,-0.3867641996425778,145,0,2,1
364,0,3,12,1,0.4322560648165064,0,0,-0.9332355874401553,140,2,2,1
365,0,3,12,1,-0.314490636101944,1,0,-0.30957830820816135,145,1,0,2
366,0,3,12,1,0.05355746531870933,0,0,-0.9184744684050786,140,2,0,1
367,1,1,13,0,2.325749062305492,1,0,0.9232857028458803,104,0,3,0
368,1,3,13,0,-0.314490636101944,0,0,-0.9200096247847267,140,0,0,1
369,1,3,9,0,-0.314490636101944,0,0,-0.8815716708173866,140,1,0,1
370,1,1,11,0,-0.4008808540786472,0,0,0.9232857028458803,24,0,0,0
371,1,1,12,1,-0.3251411341790878,1,0,2.6383426326084702,131,0,0,0
372,0,3,12,1,-0.8553191734760037,1,0,-0.9741386482863532,140,2,0,1
373,0,3,12,1,-0.7795794535764443,0,0,-0.8594299922647715,115,2,0,1
374,0,1,12,1,-0.5523602938777661,0,0,0.9232857028458803,45,0,0,0
375,0,3,9,0,-1.991414971969395,3,1,0.10188788489460394,145,2,1,2
376,1,1,13,0,0.6771559698809851,1,0,0.9232857028458803,101,0,2,0
377,1,3,9,0,-0.5523602938777661,0,0,-0.9184744684050786,140,2,0,1
378,0,1,12,1,-0.17366169437996895,0,2,0.9232857028458803,79,0,0,0
379,0,3,12,1,-0.7038397336768849,0,0,-1.157420082785384,140,0,0,1
380,0,3,12,1,-0.7795794535764443,0,0,-0.879726530938002,140,2,0,1
381,1,1,9,0,0.9624341041134225,0,0,0.9232857028458803,66,0,2,0
382,1,3,9,0,-2.142894411768514,0,2,-0.29173949585427106,145,0,1,2
383,0,3,12,1,0.20503690511782818,0,0,-0.8686556916616944,115,2,0,1
384,1,1,13,0,0.4322560648165064,1,0,2.3843259156933514,97,2,2,0
385,0,3,12,1,-0.314490636101944,0,0,-0.8708108150408156,115,2,0,1
386,0,2,12,1,-0.8553191734760037,0,0,0.9232857028458803,90,2,0,0
387,0,3,8,1,-2.142894411768514,5,2,2.0079173802988937,63,2,1,0
388,1,2,9,0,0.5079957847160659,0,0,-0.4940922961466211,116,2,2,1
389,0,3,12,1,-0.314490636101944,0,0,-0.8831068271970347,143,1,0,1
390,1,2,9,0,-0.9310588933755631,0,0,-0.567897891322005,90,0,4,1
391,1,1,12,1,0.5079957847160659,1,2,0.9232857028458803,47,2,2,0
392,1,3,12,1,-0.6281000137773255,0,0,-0.878191374558354,140,2,0,1
393,0,3,12,1,-0.09792197448040951,2,0,-0.8686556916616944,115,2,0,1
394,1,1,9,0,-0.4766205739782066,1,0,0.9232857028458803,103,0,0,0
395,1,3,13,0,-0.4008808540786472,0,2,-0.22101159399770068,145,2,0,2
396,0,3,12,1,-0.5523602938777661,0,0,-0.878191374558354,140,2,0,1
397,0,3,9,0,0.12929718521826875,0,0,-0.8738811278001117,115,2,0,1
398,0,2,12,1,1.26539298371166,0,0,0.4653804411333698,90,2,2,2
399,0,2,4,1,-0.4766205739782066,0,0,-0.6786062840850808,116,2,0,1
400,1,2,13,0,-0.09792197448040951,0,0,-0.5199242544580055,142,2,0,1
401,1,3,12,1,0.7352149444147441,0,0,-0.8686556916616944,115,2,2,1
402,0,3,12,1,-0.24940141427952836,0,0,-0.8594299922647715,115,2,0,1
403,0,3,9,0,-0.6281000137773255,1,0,-0.728425060828465,145,2,0,1
404,0,3,12,1,-0.09792197448040951,1,0,-0.283746349896777,145,2,0,2
405,0,3,9,0,-0.7038397336768849,0,0,-0.8142240652198488,115,2,0,1
406,0,2,12,1,0.356516344916947,1,0,0.0963524652564502,111,2,0,2
407,0,3,12,1,1.6440915832094571,0,0,-0.8815716708173866,139,2,2,1
408,1,2,8,1,-1.991414971969395,1,1,-0.0697101238881636,141,2,1,2
409,0,3,12,1,-0.6281000137773255,0,0,-0.879726530938002,140,2,0,1
410,0,3,9,0,-0.314490636101944,3,1,0.4260199172263375,144,2,0,2
411,0,3,12,1,-0.314490636101944,0,0,-0.8708108150408156,115,2,0,1
412,0,3,12,1,-0.314490636101944,0,0,-0.9473841200352765,140,1,0,1
413,1,1,9,0,0.2807766250173876,1,0,0.9232857028458803,78,1,0,0
414,0,2,12,1,0.04428920017261876,0,0,-1.453565033426612,142,2,0,1
415,1,3,12,1,1.1139135439125412,0,0,-0.8686556916616944,115,2,2,1
416,0,3,13,0,-0.314490636101944,0,0,-0.8594299922647715,115,2,0,1
417,1,2,13,0,0.356516344916947,1,1,0.9451168097733652,141,2,0,0
418,1,2,9,0,-0.8553191734760037,0,2,-0.4940922961466211,145,2,0,1
419,0,2,12,1,0.05355746531870933,0,0,-0.4940922961466211,111,2,0,1
420,0,3,9,0,-1.4612369326724792,0,2,0.3288400900589094,145,2,1,2
421,0,3,12,1,-0.314490636101944,0,0,-0.8708108150408156,143,0,0,1
422,0,3,12,1,-0.6281000137773255,0,0,-0.8828042242568156,140,1,0,1
423,0,3,12,1,-0.022182254580850092,0,0,-0.8723459714204637,115,2,0,1
424,0,3,13,0,-0.09792197448040951,1,1,-0.3907644629010836,145,2,0,1
425,0,3,12,1,-0.8553191734760037,1,1,0.038230559055835264,145,2,0,2
426,0,3,12,1,-0.314490636101944,0,0,-0.9184744684050786,140,2,0,1
427,1,2,13,0,-0.09792197448040951,1,0,0.4653804411333698,142,2,0,2
428,1,2,9,0,-0.7795794535764443,0,0,0.4653804411333698,142,2,0,2
429,0,3,12,1,-0.314490636101944,0,0,-0.8815716708173866,143,1,0,1
430,1,3,12,1,0.20503690511782818,0,0,-0.8594299922647715,115,2,0,1
431,1,1,12,1,-0.09792197448040951,0,0,0.505973518479831,71,2,0,2
432,1,3,13,0,-0.314490636101944,1,0,-0.2652949511029309,145,2,0,2
433,1,2,13,0,0.9624341041134225,1,0,0.4653804411333698,90,2,2,2
434,0,3,12,1,-0.9310588933755631,0,0,-0.9277001678020016,140,2,4,1
435,0,1,12,1,1.5683518633098978,1,0,2.672167736877349,128,2,2,0
436,1,1,9,0,-1.1582780530742414,1,2,0.9232857028458803,47,2,4,0
437,0,3,9,0,-0.6281000137773255,2,2,1.08350230072721,145,2,0,0
438,1,2,13,0,-0.4008808540786472,2,3,-0.0697101238881636,145,2,0,2
439,0,1,12,1,2.6287079419037296,1,4,0.9232857028458803,63,2,3,0
440,0,2,12,1,0.12929718521826875,0,0,-0.6786062840850808,142,2,0,1
441,1,2,13,0,1.1896532638121007,1,1,0.48383183992721573,90,2,2,2
442,0,3,12,1,-0.7038397336768849,0,0,-0.7524118792604648,140,2,0,1
443,0,3,12,1,-0.3251411341790878,1,0,-0.879726530938002,140,2,0,1
444,1,2,14,0,-0.09792197448040951,0,0,-0.4940922961466211,142,2,0,1
445,1,3,12,1,-0.314490636101944,0,0,-0.8548171425663099,115,2,0,1
446,1,1,8,1,-1.9156752520698357,0,2,0.9232857028458803,10,2,1,0
447,1,2,9,0,-1.2340177729738009,0,1,-0.014355927506625666,142,2,4,2
448,1,1,12,1,0.356516344916947,0,0,0.505973518479831,71,2,0,2
449,1,3,9,0,-1.8399355321702762,2,1,-0.032194739860516075,145,0,1,2
450,1,1,7,1,1.7198313031090167,0,0,0.7975056194225973,50,2,2,0
451,0,2,12,1,0.5079957847160659,1,2,0.5945402326902917,141,2,2,2
452,0,3,12,1,-0.314490636101944,1,0,0.020089143761725967,115,2,0,2
453,0,1,12,1,0.05355746531870933,0,0,0.5945402326902917,53,0,0,2
454,1,1,12,1,1.4926121434103383,1,0,0.9232857028458803,86,0,2,0
455,0,3,12,1,-0.314490636101944,0,0,-0.8594299922647715,115,2,0,1
456,1,3,12,1,-0.022182254580850092,0,0,-0.8708108150408156,115,0,0,1
457,0,1,12,1,2.704447661803289,0,0,0.505973518479831,126,2,3,2
458,1,1,13,0,0.6771559698809851,1,0,2.374177646356736,97,2,2,0
459,1,2,9,0,1.5683518633098978,0,0,-0.6786062840850808,116,2,2,1
460,0,3,12,1,-0.314490636101944,0,0,-0.8815716708173866,143,1,0,1
461,1,1,12,1,1.416872423510779,0,0,0.505973518479831,117,2,2,2
462,0,3,12,1,0.356516344916947,0,0,-0.8594299922647715,115,2,0,1
463,0,1,12,1,1.3411327036112195,0,0,1.3879503808256688,133,2,2,0
464,0,2,12,1,1.416872423510779,0,0,-0.4940922961466211,90,2,2,1
465,0,3,12,1,-0.314490636101944,0,0,-0.8594299922647715,115,2,0,1
466,0,3,12,1,0.6594752245151847,0,0,-0.9332355874401553,139,2,2,1
467,0,2,12,1,0.04428920017261876,0,0,-1.453565033426612,142,2,0,1
468,0,1,12,1,2.0227901827072543,0,0,0.505973518479831,117,2,2,2
469,0,3,12,1,-0.314490636101944,0,0,-0.8834168106967712,143,1,0,1
470,1,3,9,0,-2.161829341743404,2,1,-0.032194739860516075,145,0,1,2
471,0,3,12,1,-0.314490636101944,0,0,-0.9184744684050786,140,2,0,1
472,0,3,12,1,0.6594752245151847,0,0,-0.8142240652198488,115,2,2,1
473,1,2,13,0,0.2807766250173876,1,2,0.5945402326902917,47,2,0,2
474,1,2,13,0,-0.4766205739782066,0,0,-0.43566040644626963,90,0,0,1
475,0,3,9,0,-0.5523602938777661,0,0,-0.7275024908887727,142,2,0,1
476,0,1,12,1,0.6771559698809851,0,0,2.3843259156933514,1,2,2,0
477,0,2,12,1,0.356516344916947,1,0,0.0963524652564502,38,2,0,2
478,0,3,12,1,-0.022182254580850092,1,0,-0.933545570939892,140,2,0,1
479,0,3,12,1,-0.5523602938777661,0,0,-0.8984879132315845,140,2,0,1
480,1,3,9,0,-2.0671546918689545,0,1,-0.5466787827090822,145,2,1,1
481,0,3,8,1,-1.5369766525720385,5,2,2.0079173802988937,63,2,1,0
482,0,2,12,1,0.04428920017261876,0,0,-1.453565033426612,142,2,0,1
483,0,3,12,1,1.5683518633098978,0,0,-0.8594299922647715,115,2,2,1
484,1,3,13,0,2.55296822200417,0,0,-0.7459538896826187,115,2,3,1
485,1,1,12,1,-0.3251411341790878,1,0,0.9232857028458803,31,0,0,0
486,0,3,9,0,-0.314490636101944,3,1,0.4260199172263375,144,2,0,2
487,1,1,13,0,0.4322560648165064,1,0,0.9232857028458803,87,2,2,0
488,0,1,12,1,2.1742696225063733,0,0,0.7384611432822902,25,0,2,2
489,0,3,12,1,0.05355746531870933,0,0,-0.8594299922647715,115,2,0,1
490,1,3,8,1,-1.5369766525720385,1,1,-0.2800560701380077,145,2,1,2
491,0,3,12,1,-0.314490636101944,1,0,0.020089143761725967,115,2,0,2
492,0,3,12,1,-0.6281000137773255,0,0,-0.9184744684050786,140,2,0,1
493,0,1,12,1,1.9470504628076948,0,0,0.7975056194225973,64,2,2,0
494,0,1,12,1,3.158885981200646,0,0,2.200121911254628,12,0,3,0
495,0,3,12,1,-0.6281000137773255,0,0,-0.8594299922647715,115,2,0,1
496,0,3,12,1,-0.314490636101944,0,0,-0.3864615967023588,90,0,0,1
497,1,1,9,0,1.8713107429081355,1,0,0.9232857028458803,96,0,2,0
498,0,3,12,1,-0.314490636101944,0,0,-0.33910054627831493,115,2,0,2
499,0,1,13,0,-0.3251411341790878,1,2,0.9232857028458803,62,2,0,0
500,0,3,12,1,-0.4008808540786472,0,0,-0.878191374558354,140,2,0,1
501,0,3,12,1,-0.9310588933755631,0,0,-0.8142240652198488,115,2,4,1
502,0,3,9,0,-0.6281000137773255,0,0,-0.8815716708173866,140,1,0,1
503,0,3,9,0,-0.314490636101944,0,0,-0.890487386714573,140,1,0,1
504,0,3,9,0,0.5837355046156253,0,0,-0.7459538896826187,115,2,2,1
505,1,1,9,0,-1.0067986132751225,0,0,0.9232857028458803,42,2,4,0
506,0,1,12,1,-0.8553191734760037,1,0,0.9232857028458803,74,0,0,0
507,1,2,13,0,0.2807766250173876,0,2,0.4653804411333698,141,2,0,2
508,1,1,12,1,0.6771559698809851,0,0,0.505973518479831,56,2,2,2
509,0,3,12,1,-0.09792197448040951,0,0,0.20890599789891057,115,2,0,2
510,1,3,12,1,-0.24940141427952836,0,0,2.716141110482843,115,2,0,0
511,1,3,12,1,-0.022182254580850092,0,0,-0.8815716708173866,143,1,0,1
512,0,3,12,1,-0.314490636101944,0,0,-0.8594299922647715,115,2,0,1
513,1,1,12,1,0.5079957847160659,0,0,0.48659954974629277,121,2,2,2
514,1,1,13,0,1.8713107429081355,1,0,2.9304873199911925,96,0,2,0
515,0,3,12,1,-0.4008808540786472,0,0,-0.9003330531109693,140,2,0,1
516,0,1,12,1,1.3411327036112195,0,0,1.0573603589160891,106,2,2,0
517,1,2,13,0,0.356516344916947,0,0,-0.6786062840850808,142,2,0,1
518,0,3,12,1,-0.314490636101944,0,0,0.3288400900589094,143,1,0,2
519,1,2,13,0,0.5079957847160659,1,0,0.4653804411333698,90,2,2,2
520,0,3,12,1,0.20503690511782818,0,0,-0.8708108150408156,115,2,0,1
521,1,1,9,0,0.05355746531870933,0,0,0.9232857028458803,39,2,0,0
522,0,3,12,1,-0.5523602938777661,0,0,-0.8708108150408156,140,2,0,1
523,0,3,12,1,-0.314490636101944,0,0,-0.9203196082844632,140,0,0,1
524,1,1,13,0,1.1139135439125412,0,1,2.825624330366007,17,0,2,0
525,0,3,12,1,-0.314490636101944,0,0,-0.9200096247847267,140,0,0,1
526,0,3,12,1,0.8488245242640833,0,0,-0.8815716708173866,143,1,2,1
527,1,2,9,0,1.5683518633098978,0,0,-0.6786062840850808,116,2,2,1
528,0,1,12,1,0.6771559698809851,0,0,0.9232857028458803,88,2,2,0
529,0,3,12,1,0.7352149444147441,0,0,-0.8686556916616944,115,2,2,1
530,0,2,12,1,-0.4766205739782066,2,1,-0.604800688909697,144,2,0,1
531,1,2,9,0,-2.0671546918689545,1,1,0.4653804411333698,141,2,1,2
532,0,3,12,1,-0.314490636101944,0,0,-0.9200096247847267,140,0,0,1
533,0,3,12,1,-0.9310588933755631,1,1,-0.9200096247847267,140,0,4,1
534,1,3,13,0,-0.314490636101944,0,2,0.19660260518317416,145,0,0,2
535,0,3,9,0,0.05355746531870933,0,0,-0.8142240652198488,115,2,0,1
536,1,2,9,0,-1.6884560923711573,0,2,0.48383183992721573,141,2,1,2
537,0,1,7,1,1.1896532638121007,0,0,0.505973518479831,26,2,2,2
538,1,1,9,0,0.05355746531870933,0,0,0.9232857028458803,39,0,0,0
539,0,3,12,1,-0.314490636101944,0,0,-0.3833839033835452,115,2,0,1
540,1,1,9,0,-0.5523602938777661,0,2,2.1998119277548915,27,0,0,0
541,1,1,9,0,0.5079957847160659,0,2,0.9232857028458803,20,2,2,0
542,0,3,9,0,-1.5369766525720385,4,2,0.8547049556835198,63,2,1,0
543,0,3,9,0,-1.3854972127729197,4,2,0.8547049556835198,63,2,1,0
544,1,2,12,1,0.20503690511782818,1,0,0.4653804411333698,38,2,0,2
545,0,1,12,1,1.5683518633098978,1,0,0.9232857028458803,82,0,2,0
546,0,1,12,1,2.6287079419037296,0,0,0.4653804411333698,126,2,3,2
547,1,2,13,0,-0.7795794535764443,1,0,0.4653804411333698,90,2,0,2
548,1,2,12,1,0.04428920017261876,0,0,-0.43043497030785244,90,0,0,1
549,0,3,12,1,0.2807766250173876,1,1,0.06129480754814274,145,2,0,2
550,1,2,8,1,-1.612716372471598,1,1,1.2587905892687468,141,2,1,0
551,1,1,12,1,-0.9310588933755631,0,2,0.9232857028458803,77,0,4,0
552,0,2,12,1,-0.17366169437996895,0,0,0.4653804411333698,90,2,0,2
553,0,3,12,1,-0.314490636101944,0,0,-0.8757262676794962,143,1,0,1
554,1,3,12,1,-0.5523602938777661,0,0,-0.9203196082844632,140,0,0,1
555,1,3,9,0,-0.5523602938777661,0,0,-0.879726530938002,140,2,0,1
556,0,1,12,1,2.477228502104611,0,0,0.505973518479831,126,2,3,2
557,1,1,6,0,1.416872423510779,1,0,1.469136535518591,2,0,2,0
558,0,1,12,1,0.6771559698809851,0,0,0.9232857028458803,66,0,2,0
559,1,1,13,0,0.7352149444147441,1,1,0.9232857028458803,134,2,2,0
560,1,3,13,0,0.5079957847160659,1,0,-0.16934767737493198,145,2,2,2
561,0,3,12,1,-0.314490636101944,0,0,-0.8815716708173866,143,1,0,1
562,0,3,12,1,0.8109546643143035,0,0,-0.8708108150408156,115,2,2,1
563,0,2,12,1,-0.09792197448040951,0,0,-0.45718949855892915,90,2,0,1
564,0,3,12,1,-0.314490636101944,0,0,-0.8594299922647715,115,2,0,1
565,0,3,9,0,-0.314490636101944,0,0,-0.8594299922647715,115,2,0,1
566,0,3,12,1,-0.4008808540786472,2,0,0.3288400900589094,140,2,0,2
567,0,3,12,1,-0.7795794535764443,0,0,-0.8708108150408156,140,2,0,1
568,0,3,13,0,-0.022182254580850092,0,4,0.10188788489460394,145,2,0,2
569,0,3,12,1,-0.314490636101944,0,0,-0.9200096247847267,140,0,0,1
570,1,3,12,1,0.20503690511782818,0,0,-0.8738811278001117,115,2,0,1
571,1,2,12,1,2.477228502104611,0,0,-0.6786062840850808,136,2,3,1
572,1,1,13,0,1.795571023008576,2,0,2.3458879617260116,48,2,2,0
573,1,1,12,1,0.5079957847160659,0,0,0.493980109263831,121,2,2,2
574,1,3,9,0,-0.314490636101944,0,0,-0.8815716708173866,143,1,0,1
575,0,3,12,1,-1.0067986132751225,0,0,-0.8594299922647715,140,2,4,1
576,0,3,12,1,-0.7795794535764443,0,0,-0.3833839033835452,140,2,0,1
577,1,2,9,0,0.356516344916947,0,0,-0.4940922961466211,116,2,0,1
578,1,1,13,0,0.7352149444147441,1,0,2.672167736877349,128,2,2,0
579,0,3,13,0,-0.314490636101944,1,0,-0.3864615967023588,90,0,0,1
580,1,3,12,1,0.20503690511782818,0,0,-0.8686556916616944,115,2,0,1
581,1,2,9,0,-0.3251411341790878,1,1,0.7606028218349055,141,2,0,0
582,1,1,13,0,0.7352149444147441,1,1,0.9232857028458803,75,0,2,0
583,0,2,12,1,1.8713107429081355,0,0,0.4653804411333698,141,2,2,2
584,0,1,12,1,0.5079957847160659,0,0,1.5078844729856675,0,0,2,0
585,0,3,12,1,-0.314490636101944,0,0,-0.8105337854610796,143,0,0,1
586,1,1,9,0,-0.8553191734760037,0,2,0.9232857028458803,135,2,0,0
587,0,2,12,1,1.3411327036112195,0,0,-0.3464811057958533,90,2,2,2
588,1,1,12,1,2.325749062305492,1,1,0.9232857028458803,29,0,3,0
589,0,3,12,1,-0.5523602938777661,0,0,-0.8594299922647715,140,2,0,1
590,0,3,12,1,-0.314490636101944,0,0,-0.8594299922647715,115,2,0,1
591,0,3,12,1,0.4322560648165064,0,0,-0.9277001678020016,139,2,2,1
592,1,1,13,0,1.7198313031090167,1,0,0.9232857028458803,96,0,2,0
593,0,3,12,1,1.3411327036112195,0,0,-0.9184744684050786,139,2,2,1
594,0,3,9,0,-0.314490636101944,0,2,-0.8815716708173866,145,1,0,1
595,0,2,12,1,0.5837355046156253,1,0,0.4653804411333698,141,2,2,2
596,0,3,12,1,0.5079957847160659,1,1,0.3288400900589094,118,2,2,2
597,1,2,9,0,0.04428920017261876,0,0,0.9820196073610572,116,2,0,0
598,0,3,12,1,1.4926121434103383,0,0,-1.453565033426612,139,2,2,1
599,0,3,12,1,-0.314490636101944,0,0,-0.9203196082844632,140,0,0,1
600,1,1,16,1,1.4926121434103383,1,0,2.748128455431854,4,0,2,0
601,1,2,13,0,-0.4008808540786472,2,1,0.5391860363087537,144,2,0,2
602,0,3,12,1,-0.314490636101944,0,0,-0.8708108150408156,115,2,0,1
603,0,1,12,1,0.6771559698809851,0,0,1.6757922020096658,1,2,2,0
604,0,3,12,1,1.1139135439125412,0,0,-0.8594299922647715,115,2,2,1
605,1,1,12,1,0.4322560648165064,0,0,0.505973518479831,0,0,2,2
606,0,3,12,1,0.5079957847160659,1,0,-0.30588802844939206,115,2,2,2
607,0,3,12,1,0.05355746531870933,0,0,-0.8708108150408156,115,2,0,1
608,1,1,12,1,-0.17366169437996895,0,0,0.7975056194225973,71,2,0,0
609,1,2,13,0,-0.5523602938777661,1,2,1.6152125694897108,47,0,0,0
610,1,1,9,0,0.8109546643143035,0,0,0.9232857028458803,57,2,2,0
611,0,3,13,0,0.7352149444147441,1,5,0.8547049556835198,145,2,2,0
612,0,3,12,1,-0.314490636101944,0,0,-0.9332355874401553,140,2,0,1
613,1,3,9,0,-0.314490636101944,1,0,-0.30957830820816135,145,1,0,2
614,0,3,12,1,-0.314490636101944,0,0,-0.8815716708173866,143,1,0,1
615,0,3,12,1,0.4322560648165064,0,0,-0.8594299922647715,115,2,2,1
616,1,2,9,0,-0.4008808540786472,1,2,3.3437986529733426,47,2,0,0
617,0,3,12,1,0.356516344916947,1,1,-0.3907644629010836,118,2,0,1
618,0,3,13,0,-0.24940141427952836,1,0,-0.2652949511029309,145,2,0,2
619,1,2,9,0,-1.9156752520698357,2,1,1.4248531784133607,144,2,1,0
620,0,2,12,1,-0.24940141427952836,0,0,-0.6786062840850808,142,2,0,1
621,0,3,12,1,-0.17366169437996895,1,0,-0.3867641996425778,90,0,0,1
622,1,1,12,1,0.9624341041134225,1,0,2.4252289765395494,95,2,2,0
623,1,3,12,1,-0.7038397336768849,1,1,-0.29173949585427106,118,0,0,2
624,0,3,12,1,-0.6281000137773255,0,0,-0.8738811278001117,140,2,0,1
625,0,3,12,1,-0.6281000137773255,0,0,-0.2652949511029309,140,2,0,2
626,0,1,12,1,2.4014887822050515,0,0,0.9318908471179363,110,2,3,0
627,0,2,15,1,2.098529902606814,0,0,-0.5420659330106207,90,1,2,1
628,1,1,9,0,-0.6281000137773255,0,0,0.9232857028458803,114,2,0,0
629,0,3,12,1,-0.24940141427952836,0,0,-0.8708108150408156,143,2,0,1
630,0,3,12,1,-0.314490636101944,0,0,-0.8828042242568156,143,1,0,1
631,1,1,12,1,3.8405434602966806,0,0,0.7606028218349055,5,2,3,0
632,0,3,12,1,1.6440915832094571,0,0,-0.9329256039404188,139,2,2,1
633,1,1,4,1,0.20503690511782818,0,0,0.7975056194225973,33,0,0,0
634,0,1,12,1,0.6771559698809851,0,0,-1.453565033426612,16,2,2,1
635,0,3,9,0,-1.5369766525720385,3,2,0.6056110719665991,63,2,1,2
636,1,2,9,0,-0.09792197448040951,0,0,-0.4940922961466211,116,2,0,1
637,0,3,12,1,0.20503690511782818,0,0,-0.8686556916616944,115,2,0,1
638,0,2,12,1,0.12929718521826875,1,1,0.48383183992721573,141,2,0,2
639,0,3,13,0,0.8866943842138629,0,5,1.475594525096437,118,2,2,0
640,0,3,12,1,-0.314490636101944,1,0,-0.2652949511029309,145,2,0,2
641,0,3,12,1,-0.7038397336768849,0,0,-0.8738811278001117,140,2,0,1
642,1,1,10,0,-0.4008808540786472,0,0,0.9232857028458803,24,0,0,0
643,0,3,9,0,-2.0671546918689545,3,2,0.6056110719665991,63,2,1,2
644,1,3,12,1,-0.314490636101944,0,0,2.716141110482843,140,2,0,0
645,1,3,9,0,-2.161829341743404,2,1,-0.032194739860516075,145,0,1,2
646,1,1,12,1,1.416872423510779,1,0,0.9232857028458803,101,0,2,0
647,0,3,12,1,-0.7795794535764443,0,0,-0.8708108150408156,140,2,0,1
648,1,1,1,1,2.0227901827072543,0,0,1.166533595299517,7,0,2,0
649,0,3,12,1,-0.314490636101944,0,0,-0.8963327898524633,140,2,0,1
650,1,3,9,0,-0.4766205739782066,0,0,-0.8963327898524633,140,2,0,1
651,0,3,12,1,-0.314490636101944,0,0,-0.8708108150408156,143,2,0,1
652,1,2,9,0,-0.8553191734760037,0,1,0.24396365560721803,141,2,0,2
653,0,3,12,1,-0.6281000137773255,0,0,-0.8311403076340469,140,2,0,1
654,1,3,9,0,-0.314490636101944,0,0,-0.8757262676794962,143,1,0,1
655,0,3,9,0,-0.8553191734760037,0,0,-0.9553772659927706,140,1,0,1
656,0,2,12,1,-0.4008808540786472,2,0,0.9232857028458803,144,2,0,0
657,0,3,12,1,-0.314490636101944,0,0,-0.8708108150408156,143,2,0,1
658,0,3,13,0,0.20503690511782818,1,1,-0.30957830820816135,145,1,0,2
659,0,2,12,1,-0.4766205739782066,0,0,-0.4940922961466211,90,2,0,1
660,0,1,12,1,2.1742696225063733,0,2,0.9232857028458803,108,0,2,0
661,1,1,4,1,1.5683518633098978,2,0,0.9232857028458803,78,2,2,0
662,0,3,12,1,0.8109546643143035,0,0,-0.9203196082844632,139,0,2,1
663,0,1,12,1,1.3411327036112195,0,0,0.4349356331235238,132,2,2,2
664,0,3,12,1,0.5079957847160659,0,0,-0.9003330531109693,139,2,2,1
665,1,3,12,1,-0.7038397336768849,1,0,-0.8686556916616944,140,2,0,1
666,0,2,12,1,0.20503690511782818,2,0,0.9232857028458803,144,2,0,0
667,0,2,12,1,-0.3251411341790878,0,0,-0.4940922961466211,111,2,0,1
668,0,3,12,1,-0.314490636101944,0,0,-0.879726530938002,140,2,0,1
669,0,3,12,1,1.0381738240129819,0,0,-0.8594299922647715,115,2,2,1
670,1,1,13,0,0.6771559698809851,1,0,2.3843259156933514,58,2,2,0
671,1,2,13,0,0.8109546643143035,1,1,1.4248531784133607,102,2,2,0
672,0,1,12,1,0.12929718521826875,1,0,2.3843259156933514,38,2,0,0
673,0,2,12,1,3.0831462613010863,0,0,-0.6786062840850808,136,2,3,1
674,1,2,12,1,0.12929718521826875,0,0,-0.4940922961466211,111,2,0,1
675,0,2,12,1,0.04428920017261876,0,0,-1.453565033426612,142,2,0,1
676,0,3,12,1,-0.8553191734760037,0,0,-0.879726530938002,140,2,0,1
677,0,3,12,1,-0.3630109941288675,0,0,-0.8594299922647715,140,2,0,1
678,1,3,9,0,-0.8553191734760037,0,0,-0.7271925073890362,116,2,0,1
679,0,3,13,0,1.0381738240129819,1,6,2.0079173802988937,47,2,2,0
680,1,1,12,1,0.5079957847160659,0,1,0.9232857028458803,34,0,2,0
681,0,3,9,0,-0.314490636101944,0,0,-0.8529720026869254,116,1,0,1
682,1,1,12,1,-0.17366169437996895,0,0,0.9232857028458803,109,0,0,0
683,0,3,12,1,-0.7038397336768849,0,0,-0.7727084179336954,140,2,0,1
684,0,3,12,1,-1.1582780530742414,5,2,2.0079173802988937,63,2,4,0
685,0,2,12,1,2.325749062305492,1,1,1.4248531784133607,141,2,3,0
686,0,2,12,1,-0.3251411341790878,1,2,1.6152125694897108,141,0,0,0
687,0,3,12,1,-1.1582780530742414,4,1,1.475594525096437,63,2,4,0
688,0,3,12,1,-0.7795794535764443,0,0,-0.7029030860168173,140,2,0,1
689,0,3,12,1,-0.8553191734760037,0,0,-0.878191374558354,140,2,0,1
690,1,1,9,0,-1.082538333174682,0,1,0.9232857028458803,32,2,4,0
691,1,1,12,1,0.12929718521826875,1,0,2.753353891570271,19,2,0,0
692,1,3,9,0,-1.9156752520698357,0,1,-0.4633375046370386,118,0,1,1
693,1,3,12,1,-0.314490636101944,0,0,2.716141110482843,140,2,0,0
694,0,3,12,1,-0.3251411341790878,0,0,-0.9203196082844632,140,0,0,1
695,0,1,1,1,2.325749062305492,0,0,0.505973518479831,26,2,3,2
696,0,2,12,1,1.7198313031090167,0,0,-0.45718949855892915,90,2,2,1
697,0,3,12,1,1.1139135439125412,0,0,-0.8594299922647715,115,2,2,1
698,1,3,9,0,-0.314490636101944,0,0,-0.8828042242568156,143,1,0,1
699,0,1,12,1,1.4926121434103383,1,1,0.9232857028458803,75,0,2,0
700,0,3,12,1,0.9624341041134225,0,0,-0.888952230334925,139,2,2,1
701,1,1,13,0,-0.8553191734760037,1,0,0.9232857028458803,73,0,0,0
702,1,1,12,1,0.4322560648165064,0,0,0.48659954974629277,120,2,2,2
703,0,3,9,0,-0.8553191734760037,0,1,-0.3867641996425778,118,0,0,1
704,0,3,12,1,-0.3251411341790878,0,0,-0.8821842572573424,140,1,0,1
705,0,3,12,1,-0.24940141427952836,1,0,-0.8738811278001117,143,2,0,1
706,0,2,12,1,0.7352149444147441,0,0,0.4653804411333698,90,2,2,2
707,1,2,13,0,1.1896532638121007,0,0,-0.45718949855892915,90,2,2,1
708,1,1,12,1,0.9624341041134225,0,0,0.48659954974629277,120,2,2,2
709,1,1,9,0,-0.5523602938777661,0,0,0.9232857028458803,32,2,0,0
710,1,3,8,1,-0.314490636101944,1,1,-0.328339690501744,118,0,0,2
711,1,1,10,0,-0.4008808540786472,0,0,2.200121911254628,84,0,0,0
712,0,1,12,1,0.6771559698809851,0,0,0.505973518479831,56,2,2,2
713,1,1,12,1,1.416872423510779,1,0,2.3843259156933514,58,2,2,0
714,0,3,12,1,-0.022182254580850092,0,0,-0.7536444326998937,115,2,0,1
715,0,2,12,1,1.7198313031090167,0,0,-0.4940922961466211,90,2,2,1
716,0,3,12,1,-0.7795794535764443,0,0,-0.888952230334925,140,2,0,1
717,1,1,9,0,0.6594752245151847,0,0,0.9232857028458803,66,0,2,0
718,1,2,9,0,-0.17366169437996895,0,0,-0.6786062840850808,116,2,0,1
719,0,3,12,1,-0.314490636101944,0,0,-0.30957830820816135,143,1,0,2
720,0,3,12,1,0.2807766250173876,0,0,-0.879726530938002,140,2,0,1
721,1,2,9,0,-1.7641958122707169,0,1,0.9820196073610572,144,2,1,0
722,0,3,12,1,-0.9310588933755631,1,0,-0.9329256039404188,140,2,4,1
723,0,2,12,1,0.356516344916947,0,0,-0.4940922961466211,111,2,0,1
724,0,2,12,1,1.5683518633098978,0,0,-0.4940922961466211,90,2,2,1
725,1,1,12,1,-0.17366169437996895,1,0,2.465512070386274,137,2,0,0
726,0,3,12,1,-0.7038397336768849,0,0,-0.8142240652198488,140,2,0,1
727,1,2,13,0,0.05355746531870933,3,0,0.0963524652564502,63,2,0,2
728,1,3,9,0,-0.314490636101944,0,0,-0.8824942407570789,143,1,0,1
729,0,2,12,1,-0.3251411341790878,1,0,0.4653804411333698,38,2,0,2
730,0,3,9,0,-0.3251411341790878,1,0,-0.8686556916616944,116,2,0,1
731,1,1,9,0,-0.022182254580850092,0,0,0.9232857028458803,32,2,0,0
732,0,3,12,1,-1.3854972127729197,0,0,-0.0669424140690866,90,0,1,2
733,0,2,12,1,0.04428920017261876,0,0,-1.453565033426612,142,2,0,1
734,0,2,12,1,-0.4766205739782066,0,0,-0.4940922961466211,90,2,0,1
735,0,2,12,1,-0.4766205739782066,0,0,-0.4940922961466211,90,2,0,1
736,0,3,12,1,-0.06005211453062981,0,0,-0.2652949511029309,118,2,0,2
737,0,3,13,0,1.416872423510779,1,3,1.08350230072721,47,2,2,0
738,1,1,12,1,0.4322560648165064,0,0,0.9232857028458803,15,0,2,0
739,0,3,12,1,-0.314490636101944,0,0,-0.8708108150408156,143,2,0,1
740,0,3,12,1,-0.314490636101944,0,0,-0.8708108150408156,143,2,0,1
741,1,1,12,1,0.6771559698809851,0,0,0.7606028218349055,105,2,2,0
742,0,1,12,1,0.5079957847160659,1,0,0.9232857028458803,67,2,2,0
743,1,1,9,0,-0.6281000137773255,2,2,0.9232857028458803,35,0,0,0
744,0,3,12,1,-0.4008808540786472,1,0,-0.2652949511029309,140,2,0,2
745,1,3,12,1,0.12929718521826875,0,0,-0.8686556916616944,115,2,0,1
746,0,1,0,1,3.0831462613010863,1,1,0.9232857028458803,20,2,3,0
747,0,3,12,1,-1.0067986132751225,1,1,0.04099826887491227,118,2,4,2
748,1,2,9,0,0.05355746531870933,0,0,-0.4940922961466211,116,2,0,1
749,0,1,12,1,-0.7795794535764443,1,0,2.465512070386274,100,2,0,0
750,0,3,12,1,0.12929718521826875,0,0,-0.8815716708173866,143,1,0,1
751,1,2,9,0,-1.9156752520698357,1,1,0.24396365560721803,141,2,1,2
752,1,3,8,1,-1.7641958122707169,0,1,-0.5328402336136977,118,2,1,1
753,0,3,12,1,0.2807766250173876,0,0,-0.7524118792604648,115,2,0,1
754,0,3,12,1,-0.4766205739782066,0,0,-0.8708108150408156,140,2,0,1
755,1,2,13,0,1.416872423510779,1,2,3.3437986529733426,47,2,2,0
756,1,2,8,1,-2.1678885193353685,1,1,-0.3833839033835452,141,2,1,1
757,0,3,12,1,-0.09792197448040951,0,0,-0.878191374558354,143,2,0,1
758,0,2,12,1,-0.8553191734760037,0,0,-0.604800688909697,142,2,0,1
759,0,3,12,1,0.356516344916947,0,0,-0.8594299922647715,115,2,0,1
760,1,1,2,0,0.2807766250173876,0,0,0.9232857028458803,40,2,0,0
761,0,3,12,1,-0.314490636101944,0,0,-0.3833839033835452,118,2,0,1
762,0,3,12,1,0.8866943842138629,0,0,-0.9277001678020016,139,2,2,1
763,1,3,12,1,-0.7038397336768849,0,0,-0.9200096247847267,140,0,0,1
764,1,1,13,0,0.5079957847160659,1,2,0.9232857028458803,47,2,2,0
765,0,3,12,1,-1.0067986132751225,0,0,-0.879726530938002,140,2,4,1
766,1,1,13,0,1.6440915832094571,1,0,0.9232857028458803,92,2,2,0
767,0,1,4,1,0.6771559698809851,0,0,1.469136535518591,33,0,2,0
768,0,3,9,0,0.09142732526848904,0,0,-0.8815716708173866,143,1,0,1
769,0,3,12,1,-0.314490636101944,1,0,0.3288400900589094,143,1,0,2
770,0,3,12,1,0.20503690511782818,0,0,-0.836365743772464,115,2,0,1
771,0,3,12,1,-0.4008808540786472,0,0,-0.7524118792604648,140,2,0,1
772,0,3,12,1,1.416872423510779,0,0,-0.8738811278001117,139,2,2,1
773,0,2,13,0,2.098529902606814,0,0,-0.6786062840850808,136,2,2,1
774,0,3,12,1,-0.314490636101944,0,0,-0.9203196082844632,140,0,0,1
775,1,2,13,0,1.8713107429081355,1,3,0.24396365560721803,47,2,2,2
776,0,3,12,1,-0.8553191734760037,0,0,-0.8815716708173866,140,2,0,1
777,0,3,12,1,-0.314490636101944,0,0,-0.8815716708173866,143,1,0,1
778,1,3,9,0,-1.8399355321702762,0,0,-0.5328402336136977,118,2,1,1
779,0,3,12,1,-0.314490636101944,0,0,-0.8824942407570789,143,1,0,1
780,1,1,13,0,1.0381738240129819,0,1,0.9232857028458803,22,2,2,0
781,1,3,9,0,-1.2340177729738009,0,0,-0.9200096247847267,140,0,4,1
782,1,1,13,0,-0.9310588933755631,1,0,2.753353891570271,19,2,4,0
783,0,1,12,1,-0.022182254580850092,0,0,0.7606028218349055,112,2,0,0
784,0,3,12,1,-0.314490636101944,1,2,0.27717617343614076,47,2,0,2
785,0,3,12,1,-0.3251411341790878,0,0,-0.9332355874401553,140,2,0,1
786,0,3,12,1,-0.3251411341790878,0,0,-0.9184744684050786,140,2,0,1
787,1,3,9,0,-0.8553191734760037,0,0,-0.9003330531109693,140,2,0,1
788,0,3,8,1,-1.612716372471598,4,1,0.6960229260564446,118,1,1,2
789,1,3,8,1,-2.142894411768514,1,2,0.06498508730691199,141,2,1,2
790,0,1,12,1,1.26539298371166,0,0,0.9232857028458803,44,0,2,0
791,0,3,12,1,-0.314490636101944,0,0,-0.8815716708173866,143,1,0,1
792,0,2,12,1,-1.0067986132751225,0,0,0.4653804411333698,90,2,4,2
793,0,3,9,0,-0.314490636101944,8,2,0.9232857028458803,63,2,0,0
794,0,1,12,1,0.6771559698809851,0,0,0.8119567549579374,68,0,2,0
795,0,3,12,1,-0.3251411341790878,0,0,-0.8708108150408156,143,2,0,1
796,0,2,12,1,0.7352149444147441,0,0,-0.4940922961466211,90,2,2,1
797,1,1,4,0,1.4926121434103383,0,0,0.4601550049949527,94,2,2,2
798,1,3,13,0,0.12929718521826875,0,0,-0.812688908840201,115,2,0,1
799,0,3,12,1,0.05355746531870933,0,0,-0.9200096247847267,140,0,0,1
800,0,3,13,0,0.05355746531870933,1,1,0.3288400900589094,145,2,0,2
801,0,2,12,1,0.356516344916947,0,0,-0.4940922961466211,111,2,0,1
802,1,2,13,0,0.12929718521826875,1,1,0.48383183992721573,102,2,0,2
803,1,1,8,1,-1.3854972127729197,1,2,0.9232857028458803,47,2,1,0
804,1,3,8,1,-2.1868234493102583,0,1,-0.8249849209964198,118,0,1,1
805,1,3,12,1,-0.17366169437996895,0,0,-0.9387710070783092,140,2,0,1
806,0,3,12,1,0.12929718521826875,0,0,-0.879726530938002,143,2,0,1
807,0,1,12,1,0.7352149444147441,0,0,-1.453565033426612,11,2,2,1
808,0,3,9,0,-0.8553191734760037,0,0,-0.879726530938002,140,2,0,1
809,0,2,12,1,0.7352149444147441,0,0,-0.4940922961466211,90,2,2,1
810,1,1,13,0,0.2807766250173876,1,0,2.465512070386274,137,2,0,0
811,0,3,12,1,-0.24940141427952836,0,0,-0.8714234014807715,143,2,0,1
812,0,3,12,1,0.7352149444147441,0,0,0.3288400900589094,115,2,2,2
813,0,2,12,1,0.4322560648165064,0,0,-0.6786062840850808,111,2,2,1
814,0,3,9,0,-1.7641958122707169,4,2,0.8547049556835198,63,2,1,0
815,0,3,12,1,0.09142732526848904,0,0,-0.8594299922647715,115,2,0,1
816,0,1,12,1,0.6771559698809851,0,0,-1.453565033426612,16,2,2,1
817,0,3,9,0,-0.4766205739782066,0,0,-0.8686556916616944,116,2,0,1
818,0,2,12,1,0.12929718521826875,1,1,1.2775519715623291,141,0,0,0
819,0,3,12,1,1.0381738240129819,0,0,-0.9775189445453858,139,2,2,1
820,0,3,8,1,-1.4612369326724792,3,2,0.6056110719665991,47,2,1,2
821,1,1,13,0,1.7198313031090167,1,1,0.9232857028458803,37,2,2,0
822,1,3,12,1,-0.17366169437996895,0,0,-0.8142240652198488,115,2,0,1
823,0,1,5,1,0.6594752245151847,0,0,-1.453565033426612,16,2,2,1
824,1,3,13,0,-0.17366169437996895,0,1,-0.5328402336136977,118,2,0,1
825,0,3,8,1,-2.0671546918689545,4,1,1.475594525096437,144,2,1,0
826,0,3,12,1,-0.314490636101944,0,0,-0.9406161469576938,140,1,0,1
827,0,3,12,1,-0.314490636101944,0,0,2.716141110482843,143,2,0,0
828,1,2,8,1,-2.142894411768514,0,2,1.2775519715623291,141,0,1,0
829,1,3,12,1,-0.314490636101944,0,0,-0.8815716708173866,143,1,0,1
830,1,1,13,0,2.477228502104611,0,0,0.9232857028458803,21,2,3,0
831,1,3,13,0,-1.082538333174682,1,0,-0.3867641996425778,90,0,4,1
832,1,2,8,1,-2.155770164151439,1,1,-0.0697101238881636,141,2,1,2
833,0,3,12,1,-0.314490636101944,0,0,-0.9200096247847267,140,0,0,1
834,0,3,12,1,-0.4766205739782066,0,0,-0.8738811278001117,140,2,0,1
835,0,3,12,1,-0.8553191734760037,0,0,-0.8409785934709254,140,2,0,1
836,1,1,9,0,0.7352149444147441,1,1,0.9232857028458803,130,0,2,0
837,0,3,12,1,-0.6281000137773255,0,0,-0.8142240652198488,140,2,0,1
838,0,3,12,1,-0.314490636101944,0,0,-0.8594299922647715,115,2,0,1
839,1,3,12,1,0.20503690511782818,0,0,2.716141110482843,115,2,0,0
840,1,1,12,1,0.6771559698809851,0,0,0.7384611432822902,68,0,2,2
841,0,3,12,1,-0.7038397336768849,0,0,-0.8686556916616944,140,2,0,1
842,0,2,12,1,-1.0067986132751225,0,0,-0.6786062840850808,142,2,4,1
843,1,1,9,0,0.05355746531870933,0,0,0.8344084170102893,125,0,0,0
844,0,3,12,1,0.3943862048667267,0,0,-0.978441514485078,90,0,0,1
845,0,3,12,1,-0.9310588933755631,0,0,-0.8142240652198488,140,2,4,1
846,0,3,12,1,0.9624341041134225,0,0,-0.8963327898524633,139,2,2,1
847,0,3,12,1,-0.314490636101944,8,2,0.9232857028458803,63,2,0,0
848,0,3,12,1,0.4322560648165064,0,0,-0.8708108150408156,143,0,2,1
849,0,2,15,1,-0.09792197448040951,0,1,0.9820196073610572,141,2,0,0
850,1,1,13,0,0.6771559698809851,1,0,0.9232857028458803,86,0,2,0
851,0,3,8,1,-1.9156752520698357,4,2,0.8547049556835198,63,2,1,0
852,0,3,12,1,3.386105140899324,0,0,-0.879726530938002,139,2,3,1
853,0,3,9,0,-1.5369766525720385,1,1,-0.328339690501744,145,0,1,2
854,1,1,9,0,-1.0067986132751225,0,1,1.454375416483514,99,2,4,0
855,0,2,13,0,1.1139135439125412,1,0,0.4653804411333698,94,2,2,2
856,1,3,13,0,-0.8553191734760037,0,1,-0.7634827185367724,118,2,0,1
857,1,1,13,0,1.1896532638121007,1,1,0.9232857028458803,37,2,2,0
858,1,1,12,1,1.6440915832094571,0,0,0.505973518479831,119,2,2,2
859,1,3,13,0,-0.4008808540786472,0,3,-0.032194739860516075,145,0,0,2
860,0,3,12,1,-0.314490636101944,0,0,-0.9200096247847267,140,0,0,1
861,0,3,12,1,0.8866943842138629,2,0,-0.41229355501374315,139,2,2,1
862,0,2,12,1,-0.6281000137773255,1,0,-0.604800688909697,142,2,0,1
863,1,1,13,0,1.416872423510779,0,0,0.4601550049949527,94,2,2,2
864,0,3,9,0,-0.314490636101944,8,2,0.9232857028458803,63,2,0,0
865,0,2,12,1,-0.4008808540786472,0,0,-0.4940922961466211,90,2,0,1
866,1,2,13,0,0.9624341041134225,0,0,-0.4940922961466211,90,2,2,1
867,1,2,9,0,-0.17366169437996895,1,0,-0.4307449538075891,90,0,0,1
868,0,1,12,1,0.12929718521826875,0,0,2.2733075394305393,6,2,0,0
869,0,3,12,1,-0.314490636101944,0,0,-0.7524118792604648,143,2,0,1
870,1,3,8,1,-1.9156752520698357,1,1,-0.6318652006605102,118,2,1,1
871,0,3,12,1,-0.24940141427952836,0,0,-0.8708108150408156,143,2,0,1
872,1,1,13,0,1.3411327036112195,1,1,2.4252289765395494,102,2,2,0
873,0,1,12,1,0.2807766250173876,0,0,-1.0845370575496924,34,2,0,1
874,0,3,12,1,1.3411327036112195,0,0,-0.7893146768481568,115,2,2,1
875,1,2,13,0,-0.09792197448040951,1,0,0.31776925078260193,90,0,0,2
876,1,3,9,0,-1.082538333174682,0,0,-0.9203196082844632,140,0,4,1
877,0,3,12,1,-0.7038397336768849,0,0,-0.726889904448817,140,2,0,1
878,0,3,12,1,-0.7795794535764443,0,0,-0.8708108150408156,140,2,0,1
879,0,3,12,1,-0.314490636101944,0,0,-0.8708108150408156,143,2,0,1
880,1,1,13,0,2.0227901827072543,0,1,0.9232857028458803,70,0,2,0
881,1,2,13,0,-0.3251411341790878,0,1,0.4653804411333698,90,2,0,2
882,0,3,12,1,0.2807766250173876,0,0,-0.8708108150408156,115,2,0,1
883,0,3,9,0,-0.5523602938777661,0,0,-0.677373730645652,116,2,0,1
884,0,2,12,1,-0.09792197448040951,0,0,-0.6786062840850808,142,2,0,1
885,0,3,12,1,-0.3251411341790878,0,0,-0.9332355874401553,140,2,0,1
886,0,3,13,0,0.7352149444147441,0,5,0.6960229260564446,118,1,2,2
887,0,2,15,1,-0.17366169437996895,0,0,-0.4940922961466211,90,2,0,1
888,1,1,9,0,-0.7795794535764443,0,0,0.7606028218349055,30,2,0,0
889,0,3,9,0,-0.314490636101944,1,2,0.27717617343614076,145,2,0,2
890,1,1,12,1,-0.24940141427952836,0,0,0.7606028218349055,60,0,0,0
891,0,3,12,1,0.20503690511782818,0,0,-0.8815716708173866,143,1,0,1
